{
  "metadata": {
    "resolution": "1280x720",
    "n_frames": 10,
    "n_iterations": 20,
    "data_type": "synthetic"
  },
  "configs": [
    {
      "config": {
        "name": "Baseline (500 features)",
        "model": "baseline",
        "max_features": 500,
        "use_sensor": false
      },
      "performance": {
        "total_ms": {
          "mean": 119.71140420002939,
          "median": 119.07483350000803,
          "min": 115.95616700014943,
          "max": 128.31191600025704,
          "std": 2.9035905063534426
        },
        "per_frame_ms": {
          "mean": 13.3012671333366,
          "median": 13.230537055556447
        },
        "fps": 75.18080720999336,
        "realtime_30fps": true,
        "realtime_60fps": true
      }
    },
    {
      "config": {
        "name": "Baseline (1000 features)",
        "model": "baseline",
        "max_features": 1000,
        "use_sensor": false
      },
      "performance": {
        "total_ms": {
          "mean": 120.58493955000813,
          "median": 120.66012500008583,
          "min": 115.40450000029523,
          "max": 127.60345799961215,
          "std": 2.655714376440952
        },
        "per_frame_ms": {
          "mean": 13.39832661666757,
          "median": 13.406680555565092
        },
        "fps": 74.63618619029604,
        "realtime_30fps": true,
        "realtime_60fps": true
      }
    },
    {
      "config": {
        "name": "Baseline (2000 features)",
        "model": "baseline",
        "max_features": 2000,
        "use_sensor": false
      },
      "performance": {
        "total_ms": {
          "mean": 122.84042904996113,
          "median": 122.84060399997543,
          "min": 118.66258299960464,
          "max": 126.35679200002414,
          "std": 1.759259484855648
        },
        "per_frame_ms": {
          "mean": 13.648936561106792,
          "median": 13.64895599999727
        },
        "fps": 73.26578122207273,
        "realtime_30fps": true,
        "realtime_60fps": true
      }
    },
    {
      "config": {
        "name": "Fusion (500 features)",
        "model": "fusion",
        "max_features": 500,
        "use_sensor": true,
        "imu_weight": 0.7
      },
      "performance": {
        "total_ms": {
          "mean": 122.42390834999242,
          "median": 121.51102050006557,
          "min": 118.31629200014504,
          "max": 127.49187500003245,
          "std": 3.1490424139301334
        },
        "per_frame_ms": {
          "mean": 13.60265648333249,
          "median": 13.501224500007286
        },
        "fps": 73.51505209481051,
        "realtime_30fps": true,
        "realtime_60fps": true
      }
    },
    {
      "config": {
        "name": "Fusion (1000 features)",
        "model": "fusion",
        "max_features": 1000,
        "use_sensor": true,
        "imu_weight": 0.7
      },
      "performance": {
        "total_ms": {
          "mean": 123.03581255000609,
          "median": 122.54574949997732,
          "min": 119.9902920002387,
          "max": 129.1886250000971,
          "std": 2.608701383169989
        },
        "per_frame_ms": {
          "mean": 13.670645838889564,
          "median": 13.616194388886369
        },
        "fps": 73.14943359554019,
        "realtime_30fps": true,
        "realtime_60fps": true
      }
    },
    {
      "config": {
        "name": "Fusion (2000 features)",
        "model": "fusion",
        "max_features": 2000,
        "use_sensor": true,
        "imu_weight": 0.7
      },
      "performance": {
        "total_ms": {
          "mean": 123.06181239996477,
          "median": 122.77960399978838,
          "min": 119.41987499994866,
          "max": 126.81166599986682,
          "std": 2.023075799940859
        },
        "per_frame_ms": {
          "mean": 13.673534711107196,
          "median": 13.642178222198709
        },
        "fps": 73.13397896943843,
        "realtime_30fps": true,
        "realtime_60fps": true
      }
    }
  ]
}